{"loss": [0.7747567892074585, 0.1938631385564804, 0.10677207261323929, 0.07551310211420059, 0.05018455535173416, 0.03392026573419571, 0.026844628155231476, 0.019587626680731773, 0.013845503330230713, 0.00926066841930151, 0.008183225989341736, 0.006129162851721048, 0.005478161387145519, 0.004136637318879366, 0.003232247196137905, 0.0028242263942956924, 0.0026136282831430435, 0.003016968257725239, 0.0022354114335030317, 0.0015001959400251508, 0.0013364780461415648, 0.001336839166469872, 0.0015171627746894956, 0.001534301438368857, 0.001120696309953928], "accuracy": [0.7724999785423279, 0.9429000020027161, 0.970300018787384, 0.978600025177002, 0.986299991607666, 0.9921000003814697, 0.9932000041007996, 0.9962000250816345, 0.9976999759674072, 0.9994000196456909, 0.9991999864578247, 0.9997000098228455, 0.9994999766349792, 0.9998000264167786, 0.9998999834060669, 0.9998999834060669, 0.9997000098228455, 0.9994999766349792, 1.0, 1.0, 0.9998999834060669, 0.9998999834060669, 0.9998000264167786, 1.0, 1.0], "val_loss": [2.0713794231414795, 2.4155030250549316, 2.839566707611084, 3.154069423675537, 3.4609715938568115, 3.6234383583068848, 3.773662805557251, 3.717677354812622, 3.5999081134796143, 3.4612948894500732, 3.0283148288726807, 2.795393228530884, 2.19184947013855, 1.7964016199111938, 1.2817472219467163, 0.9606376886367798, 0.6548115015029907, 0.3608092665672302, 0.22693057358264923, 0.157875657081604, 0.08743604272603989, 0.06329477578401566, 0.02041448839008808, 0.010969618335366249, 0.003732640529051423], "val_accuracy": [0.18459999561309814, 0.11349999904632568, 0.11349999904632568, 0.11349999904632568, 0.11349999904632568, 0.11349999904632568, 0.11349999904632568, 0.11349999904632568, 0.11349999904632568, 0.11410000175237656, 0.13850000500679016, 0.16850000619888306, 0.28529998660087585, 0.4198000133037567, 0.6151000261306763, 0.7261999845504761, 0.8172000050544739, 0.8981000185012817, 0.9340000152587891, 0.9514999985694885, 0.9702000021934509, 0.9778000116348267, 0.9933000206947327, 0.9965999722480774, 0.9997000098228455]}